subject_id,visit,visit_num,measure_date,test_code,test_name,result,unit,position
101-001,BASELINE,0,2025-01-04,SYSBP,Systolic Blood Pressure,119,mmHg,SITTING
101-001,BASELINE,0,2025-01-04,DIABP,Diastolic Blood Pressure,75,mmHg,SITTING
101-001,BASELINE,0,2025-01-04,PULSE,Pulse Rate,69,beats/min,SITTING
101-001,WEEK 2,2,2025-01-18,SYSBP,Systolic Blood Pressure,121,mmHg,SITTING
101-001,WEEK 2,2,2025-01-18,DIABP,Diastolic Blood Pressure,77,mmHg,SITTING
101-001,WEEK 2,2,2025-01-18,PULSE,Pulse Rate,71,beats/min,SITTING
101-001,WEEK 4,4,2025-02-01,SYSBP,Systolic Blood Pressure,123,mmHg,SITTING
101-001,WEEK 4,4,2025-02-01,DIABP,Diastolic Blood Pressure,79,mmHg,SITTING
101-001,WEEK 4,4,2025-02-01,PULSE,Pulse Rate,73,beats/min,SITTING
101-002,BASELINE,0,2025-01-05,SYSBP,Systolic Blood Pressure,120,mmHg,SITTING
101-002,BASELINE,0,2025-01-05,DIABP,Diastolic Blood Pressure,76,mmHg,SITTING
101-002,BASELINE,0,2025-01-05,PULSE,Pulse Rate,70,beats/min,SITTING
101-002,WEEK 2,2,2025-01-19,SYSBP,Systolic Blood Pressure,118,mmHg,SITTING
101-002,WEEK 2,2,2025-01-19,DIABP,Diastolic Blood Pressure,78,mmHg,SITTING
101-002,WEEK 2,2,2025-01-19,PULSE,Pulse Rate,72,beats/min,SITTING
101-002,WEEK 4,4,2025-02-02,SYSBP,Systolic Blood Pressure,120,mmHg,SITTING
101-002,WEEK 4,4,2025-02-02,DIABP,Diastolic Blood Pressure,80,mmHg,SITTING
101-002,WEEK 4,4,2025-02-02,PULSE,Pulse Rate,74,beats/min,SITTING
101-003,BASELINE,0,2025-01-06,SYSBP,Systolic Blood Pressure,121,mmHg,SITTING
101-003,BASELINE,0,2025-01-06,DIABP,Diastolic Blood Pressure,77,mmHg,SITTING
101-003,BASELINE,0,2025-01-06,PULSE,Pulse Rate,71,beats/min,SITTING
101-003,WEEK 2,2,2025-01-20,SYSBP,Systolic Blood Pressure,123,mmHg,SITTING
101-003,WEEK 2,2,2025-01-20,DIABP,Diastolic Blood Pressure,79,mmHg,SITTING
101-003,WEEK 2,2,2025-01-20,PULSE,Pulse Rate,73,beats/min,SITTING
101-003,WEEK 4,4,2025-02-03,SYSBP,Systolic Blood Pressure,125,mmHg,SITTING
101-003,WEEK 4,4,2025-02-03,DIABP,Diastolic Blood Pressure,81,mmHg,SITTING
101-003,WEEK 4,4,2025-02-03,PULSE,Pulse Rate,75,beats/min,SITTING
101-004,BASELINE,0,2025-01-07,SYSBP,Systolic Blood Pressure,122,mmHg,SITTING
101-004,BASELINE,0,2025-01-07,DIABP,Diastolic Blood Pressure,78,mmHg,SITTING
101-004,BASELINE,0,2025-01-07,PULSE,Pulse Rate,72,beats/min,SITTING
101-004,WEEK 2,2,2025-01-21,SYSBP,Systolic Blood Pressure,120,mmHg,SITTING
101-004,WEEK 2,2,2025-01-21,DIABP,Diastolic Blood Pressure,80,mmHg,SITTING
101-004,WEEK 2,2,2025-01-21,PULSE,Pulse Rate,74,beats/min,SITTING
101-004,WEEK 4,4,2025-02-04,SYSBP,Systolic Blood Pressure,122,mmHg,SITTING
101-004,WEEK 4,4,2025-02-04,DIABP,Diastolic Blood Pressure,82,mmHg,SITTING
101-004,WEEK 4,4,2025-02-04,PULSE,Pulse Rate,76,beats/min,SITTING
101-005,BASELINE,0,2025-01-08,SYSBP,Systolic Blood Pressure,123,mmHg,SITTING
101-005,BASELINE,0,2025-01-08,DIABP,Diastolic Blood Pressure,79,mmHg,SITTING
101-005,BASELINE,0,2025-01-08,PULSE,Pulse Rate,73,beats/min,SITTING
101-005,WEEK 2,2,2025-01-22,SYSBP,Systolic Blood Pressure,125,mmHg,SITTING
101-005,WEEK 2,2,2025-01-22,DIABP,Diastolic Blood Pressure,81,mmHg,SITTING
101-005,WEEK 2,2,2025-01-22,PULSE,Pulse Rate,75,beats/min,SITTING
101-005,WEEK 4,4,2025-02-05,SYSBP,Systolic Blood Pressure,127,mmHg,SITTING
101-005,WEEK 4,4,2025-02-05,DIABP,Diastolic Blood Pressure,83,mmHg,SITTING
101-005,WEEK 4,4,2025-02-05,PULSE,Pulse Rate,77,beats/min,SITTING
101-006,BASELINE,0,2025-01-09,SYSBP,Systolic Blood Pressure,124,mmHg,SITTING
101-006,BASELINE,0,2025-01-09,DIABP,Diastolic Blood Pressure,80,mmHg,SITTING
101-006,BASELINE,0,2025-01-09,PULSE,Pulse Rate,74,beats/min,SITTING
101-006,WEEK 2,2,2025-01-23,SYSBP,Systolic Blood Pressure,122,mmHg,SITTING
101-006,WEEK 2,2,2025-01-23,DIABP,Diastolic Blood Pressure,82,mmHg,SITTING
101-006,WEEK 2,2,2025-01-23,PULSE,Pulse Rate,76,beats/min,SITTING
101-006,WEEK 4,4,2025-02-06,SYSBP,Systolic Blood Pressure,124,mmHg,SITTING
101-006,WEEK 4,4,2025-02-06,DIABP,Diastolic Blood Pressure,84,mmHg,SITTING
101-006,WEEK 4,4,2025-02-06,PULSE,Pulse Rate,78,beats/min,SITTING
101-008,BASELINE,0,2025-01-11,SYSBP,Systolic Blood Pressure,126,mmHg,SITTING
101-008,BASELINE,0,2025-01-11,DIABP,Diastolic Blood Pressure,82,mmHg,SITTING
101-008,BASELINE,0,2025-01-11,PULSE,Pulse Rate,76,beats/min,SITTING
101-008,WEEK 2,2,2025-01-25,SYSBP,Systolic Blood Pressure,124,mmHg,SITTING
101-008,WEEK 2,2,2025-01-25,DIABP,Diastolic Blood Pressure,84,mmHg,SITTING
101-008,WEEK 2,2,2025-01-25,PULSE,Pulse Rate,78,beats/min,SITTING
101-008,WEEK 4,4,2025-02-08,SYSBP,Systolic Blood Pressure,126,mmHg,SITTING
101-008,WEEK 4,4,2025-02-08,DIABP,Diastolic Blood Pressure,86,mmHg,SITTING
101-008,WEEK 4,4,2025-02-08,PULSE,Pulse Rate,80,beats/min,SITTING
101-009,BASELINE,0,2025-01-12,SYSBP,Systolic Blood Pressure,118,mmHg,SITTING
101-009,BASELINE,0,2025-01-12,DIABP,Diastolic Blood Pressure,74,mmHg,SITTING
101-009,BASELINE,0,2025-01-12,PULSE,Pulse Rate,68,beats/min,SITTING
101-009,WEEK 2,2,2025-01-26,SYSBP,Systolic Blood Pressure,120,mmHg,SITTING
101-009,WEEK 2,2,2025-01-26,DIABP,Diastolic Blood Pressure,76,mmHg,SITTING
101-009,WEEK 2,2,2025-01-26,PULSE,Pulse Rate,70,beats/min,SITTING
101-009,WEEK 4,4,2025-02-09,SYSBP,Systolic Blood Pressure,122,mmHg,SITTING
101-009,WEEK 4,4,2025-02-09,DIABP,Diastolic Blood Pressure,78,mmHg,SITTING
101-009,WEEK 4,4,2025-02-09,PULSE,Pulse Rate,72,beats/min,SITTING
101-010,BASELINE,0,2025-01-13,SYSBP,Systolic Blood Pressure,119,mmHg,Seated
101-010,BASELINE,0,2025-01-13,DIABP,Diastolic Blood Pressure,75,mmHg,Seated
101-010,BASELINE,0,2025-01-13,PULSE,Pulse Rate,69,beats/min,Seated
101-010,WEEK 2,2,2025-01-27,SYSBP,Systolic Blood Pressure,117,mmHg,Seated
101-010,WEEK 2,2,2025-01-27,DIABP,Diastolic Blood Pressure,77,mmHg,Seated
101-010,WEEK 2,2,2025-01-27,PULSE,Pulse Rate,71,beats/min,Seated
101-010,WEEK 4,4,2025-02-10,SYSBP,Systolic Blood Pressure,119,mmHg,Seated
101-010,WEEK 4,4,2025-02-10,DIABP,Diastolic Blood Pressure,79,mmHg,Seated
101-010,WEEK 4,4,2025-02-10,PULSE,Pulse Rate,73,beats/min,Seated
101-011,BASELINE,0,2025-01-14,SYSBP,Systolic Blood Pressure,120,mmHg,SITTING
101-011,BASELINE,0,2025-01-14,DIABP,Diastolic Blood Pressure,76,mmHg,SITTING
101-011,BASELINE,0,2025-01-14,PULSE,Pulse Rate,70,beats/min,SITTING
101-011,WEEK 2,2,2025-01-28,SYSBP,Systolic Blood Pressure,122,mmHg,SITTING
101-011,WEEK 2,2,2025-01-28,DIABP,Diastolic Blood Pressure,78,mmHg,SITTING
101-011,WEEK 2,2,2025-01-28,PULSE,Pulse Rate,72,beats/min,SITTING
101-012,BASELINE,0,2025-01-15,SYSBP,Systolic Blood Pressure,121,mmHg,SITTING
101-012,BASELINE,0,2025-01-15,DIABP,Diastolic Blood Pressure,77,mmHg,SITTING
101-012,BASELINE,0,2025-01-15,PULSE,Pulse Rate,71,beats/min,SITTING
101-012,WEEK 2,2,2025-01-29,SYSBP,Systolic Blood Pressure,119,mmHg,SITTING
101-012,WEEK 2,2,2025-01-29,DIABP,Diastolic Blood Pressure,79,mmHg,SITTING
101-012,WEEK 2,2,2025-01-29,PULSE,Pulse Rate,73,beats/min,SITTING
101-012,WEEK 4,4,2025-02-12,SYSBP,Systolic Blood Pressure,121,mmHg,SITTING
101-012,WEEK 4,4,2025-02-12,DIABP,Diastolic Blood Pressure,81,mmHg,SITTING
101-012,WEEK 4,4,2025-02-12,PULSE,Pulse Rate,75,beats/min,SITTING
101-013,BASELINE,0,2025-01-16,SYSBP,Systolic Blood Pressure,122,mmHg,SITTING
101-013,BASELINE,0,2025-01-16,DIABP,Diastolic Blood Pressure,78,mmHg,SITTING
101-013,BASELINE,0,2025-01-16,PULSE,Pulse Rate,72,beats/min,SITTING
101-013,WEEK 2,2,2025-01-30,SYSBP,Systolic Blood Pressure,124,mmHg,SITTING
101-013,WEEK 2,2,2025-01-30,DIABP,Diastolic Blood Pressure,80,mmHg,SITTING
101-013,WEEK 2,2,2025-01-30,PULSE,Pulse Rate,74,beats/min,SITTING
101-013,WEEK 4,4,2025-02-13,SYSBP,Systolic Blood Pressure,126,mmHg,SITTING
101-013,WEEK 4,4,2025-02-13,DIABP,Diastolic Blood Pressure,82,mmHg,SITTING
101-013,WEEK 4,4,2025-02-13,PULSE,Pulse Rate,76,beats/min,SITTING
101-014,BASELINE,0,2025-01-17,SYSBP,Systolic Blood Pressure,123,mmHg,SITTING
101-014,BASELINE,0,2025-01-17,DIABP,Diastolic Blood Pressure,79,mmHg,SITTING
101-014,BASELINE,0,2025-01-17,PULSE,Pulse Rate,73,beats/min,SITTING
101-014,WEEK 2,2,2025-01-31,SYSBP,Systolic Blood Pressure,121,mmHg,SITTING
101-014,WEEK 2,2,2025-01-31,DIABP,Diastolic Blood Pressure,81,mmHg,SITTING
101-014,WEEK 2,2,2025-01-31,PULSE,Pulse Rate,75,beats/min,SITTING
101-014,WEEK 4,4,2025-02-14,SYSBP,Systolic Blood Pressure,123,mmHg,SITTING
101-014,WEEK 4,4,2025-02-14,DIABP,Diastolic Blood Pressure,83,mmHg,SITTING
101-014,WEEK 4,4,2025-02-14,PULSE,Pulse Rate,77,beats/min,SITTING
101-015,BASELINE,0,2025-01-18,SYSBP,Systolic Blood Pressure,124,mmHg,SITTING
101-015,BASELINE,0,2025-01-18,DIABP,Diastolic Blood Pressure,80,mmHg,SITTING
101-015,BASELINE,0,2025-01-18,PULSE,Pulse Rate,74,beats/min,SITTING
101-015,WEEK 2,2,2025-02-01,SYSBP,Systolic Blood Pressure,126,mmHg,SITTING
101-015,WEEK 2,2,2025-02-01,DIABP,Diastolic Blood Pressure,82,mmHg,SITTING
101-015,WEEK 2,2,2025-02-01,PULSE,Pulse Rate,76,beats/min,SITTING
101-015,WEEK 4,4,2025-02-15,SYSBP,Systolic Blood Pressure,128,mmHg,SITTING
101-015,WEEK 4,4,2025-02-15,DIABP,Diastolic Blood Pressure,84,mmHg,SITTING
101-015,WEEK 4,4,2025-02-15,PULSE,Pulse Rate,78,beats/min,SITTING
101-016,BASELINE,0,2025-01-19,SYSBP,Systolic Blood Pressure,125,mmHg,SITTING
101-016,BASELINE,0,2025-01-19,DIABP,Diastolic Blood Pressure,81,mmHg,SITTING
101-016,BASELINE,0,2025-01-19,PULSE,Pulse Rate,75,beats/min,SITTING
101-016,WEEK 2,2,2025-02-02,SYSBP,Systolic Blood Pressure,123,mmHg,SITTING
101-016,WEEK 2,2,2025-02-02,DIABP,Diastolic Blood Pressure,83,mmHg,SITTING
101-016,WEEK 2,2,2025-02-02,PULSE,Pulse Rate,77,beats/min,SITTING
101-016,WEEK 4,4,2025-02-16,SYSBP,Systolic Blood Pressure,125,mmHg,SITTING
101-016,WEEK 4,4,2025-02-16,DIABP,Diastolic Blood Pressure,85,mmHg,SITTING
101-016,WEEK 4,4,2025-02-16,PULSE,Pulse Rate,79,beats/min,SITTING
101-017,BASELINE,0,2025-01-20,SYSBP,Systolic Blood Pressure,126,mmHg,SITTING
101-017,BASELINE,0,2025-01-20,DIABP,Diastolic Blood Pressure,82,mmHg,SITTING
101-017,BASELINE,0,2025-01-20,PULSE,Pulse Rate,76,beats/min,SITTING
101-017,WEEK 2,2,2025-02-03,SYSBP,Systolic Blood Pressure,128,mmHg,SITTING
101-017,WEEK 2,2,2025-02-03,DIABP,Diastolic Blood Pressure,84,mmHg,SITTING
101-017,WEEK 2,2,2025-02-03,PULSE,Pulse Rate,78,beats/min,SITTING
101-017,WEEK 4,4,2025-02-17,SYSBP,Systolic Blood Pressure,130,mmHg,SITTING
101-017,WEEK 4,4,2025-02-17,DIABP,Diastolic Blood Pressure,86,mmHg,SITTING
101-017,WEEK 4,4,2025-02-17,PULSE,Pulse Rate,80,beats/min,SITTING
101-018,BASELINE,0,2025-01-21,SYSBP,Systolic Blood Pressure,118,mmHg,SITTING
101-018,BASELINE,0,2025-01-21,DIABP,Diastolic Blood Pressure,74,mmHg,SITTING
101-018,BASELINE,0,2025-01-21,PULSE,Pulse Rate,68,beats/min,SITTING
101-018,WEEK 2,2,2025-02-04,SYSBP,Systolic Blood Pressure,116,mmHg,SITTING
101-018,WEEK 2,2,2025-02-04,DIABP,Diastolic Blood Pressure,76,mmHg,SITTING
101-018,WEEK 2,2,2025-02-04,PULSE,Pulse Rate,70,beats/min,SITTING
101-018,WEEK 4,4,2025-02-18,SYSBP,Systolic Blood Pressure,118,mmHg,SITTING
101-018,WEEK 4,4,2025-02-18,DIABP,Diastolic Blood Pressure,78,mmHg,SITTING
101-018,WEEK 4,4,2025-02-18,PULSE,Pulse Rate,72,beats/min,SITTING
101-020,BASELINE,0,2025-01-23,SYSBP,Systolic Blood Pressure,120,mmHg,Seated
101-020,BASELINE,0,2025-01-23,DIABP,Diastolic Blood Pressure,76,mmHg,Seated
101-020,BASELINE,0,2025-01-23,PULSE,Pulse Rate,70,beats/min,Seated
101-020,WEEK 2,2,2025-02-06,SYSBP,Systolic Blood Pressure,118,mmHg,Seated
101-020,WEEK 2,2,2025-02-06,DIABP,Diastolic Blood Pressure,78,mmHg,Seated
101-020,WEEK 2,2,2025-02-06,PULSE,Pulse Rate,72,beats/min,Seated
101-020,WEEK 4,4,2025-02-20,SYSBP,Systolic Blood Pressure,120,mmHg,Seated
101-020,WEEK 4,4,2025-02-20,DIABP,Diastolic Blood Pressure,80,mmHg,Seated
101-020,WEEK 4,4,2025-02-20,PULSE,Pulse Rate,74,beats/min,Seated
101-021,BASELINE,0,2025-01-24,SYSBP,Systolic Blood Pressure,121,mmHg,SITTING
101-021,BASELINE,0,2025-01-24,DIABP,Diastolic Blood Pressure,77,mmHg,SITTING
101-021,BASELINE,0,2025-01-24,PULSE,Pulse Rate,71,beats/min,SITTING
101-021,WEEK 2,2,2025-02-07,SYSBP,Systolic Blood Pressure,123,mmHg,SITTING
101-021,WEEK 2,2,2025-02-07,DIABP,Diastolic Blood Pressure,79,mmHg,SITTING
101-021,WEEK 2,2,2025-02-07,PULSE,Pulse Rate,73,beats/min,SITTING
101-021,WEEK 4,4,2025-02-21,SYSBP,Systolic Blood Pressure,125,mmHg,SITTING
101-021,WEEK 4,4,2025-02-21,DIABP,Diastolic Blood Pressure,81,mmHg,SITTING
101-021,WEEK 4,4,2025-02-21,PULSE,Pulse Rate,75,beats/min,SITTING
101-022,BASELINE,0,2025-01-25,SYSBP,Systolic Blood Pressure,122,mmHg,SITTING
101-022,BASELINE,0,2025-01-25,DIABP,Diastolic Blood Pressure,78,mmHg,SITTING
101-022,BASELINE,0,2025-01-25,PULSE,Pulse Rate,72,beats/min,SITTING
101-022,WEEK 2,2,2025-02-08,SYSBP,Systolic Blood Pressure,120,mmHg,SITTING
101-022,WEEK 2,2,2025-02-08,DIABP,Diastolic Blood Pressure,80,mmHg,SITTING
101-022,WEEK 2,2,2025-02-08,PULSE,Pulse Rate,74,beats/min,SITTING
101-023,BASELINE,0,2025-01-26,SYSBP,Systolic Blood Pressure,123,mmHg,SITTING
101-023,BASELINE,0,2025-01-26,DIABP,Diastolic Blood Pressure,79,mmHg,SITTING
101-023,BASELINE,0,2025-01-26,PULSE,Pulse Rate,73,beats/min,SITTING
101-023,WEEK 2,2,2025-02-09,SYSBP,Systolic Blood Pressure,125,mmHg,SITTING
101-023,WEEK 2,2,2025-02-09,DIABP,Diastolic Blood Pressure,81,mmHg,SITTING
101-023,WEEK 2,2,2025-02-09,PULSE,Pulse Rate,75,beats/min,SITTING
101-023,WEEK 4,4,2025-02-23,SYSBP,Systolic Blood Pressure,127,mmHg,SITTING
101-023,WEEK 4,4,2025-02-23,DIABP,Diastolic Blood Pressure,83,mmHg,SITTING
101-023,WEEK 4,4,2025-02-23,PULSE,Pulse Rate,77,beats/min,SITTING
101-024,BASELINE,0,2025-01-27,SYSBP,Systolic Blood Pressure,124,mmHg,SITTING
101-024,BASELINE,0,2025-01-27,DIABP,Diastolic Blood Pressure,80,mmHg,SITTING
101-024,BASELINE,0,2025-01-27,PULSE,Pulse Rate,74,beats/min,SITTING
101-024,WEEK 2,2,2025-02-10,SYSBP,Systolic Blood Pressure,122,mmHg,SITTING
101-024,WEEK 2,2,2025-02-10,DIABP,Diastolic Blood Pressure,82,mmHg,SITTING
101-024,WEEK 2,2,2025-02-10,PULSE,Pulse Rate,76,beats/min,SITTING
101-024,WEEK 4,4,2025-02-24,SYSBP,Systolic Blood Pressure,124,mmHg,SITTING
101-024,WEEK 4,4,2025-02-24,DIABP,Diastolic Blood Pressure,84,mmHg,SITTING
101-024,WEEK 4,4,2025-02-24,PULSE,Pulse Rate,78,beats/min,SITTING
101-025,BASELINE,0,2025-01-28,SYSBP,Systolic Blood Pressure,125,mmHg,SITTING
101-025,BASELINE,0,2025-01-28,DIABP,Diastolic Blood Pressure,81,mmHg,SITTING
101-025,BASELINE,0,2025-01-28,PULSE,Pulse Rate,75,beats/min,SITTING
101-025,WEEK 2,2,2025-02-11,SYSBP,Systolic Blood Pressure,127,mmHg,SITTING
101-025,WEEK 2,2,2025-02-11,DIABP,Diastolic Blood Pressure,83,mmHg,SITTING
101-025,WEEK 2,2,2025-02-11,PULSE,Pulse Rate,77,beats/min,SITTING
101-025,WEEK 4,4,2025-02-25,SYSBP,Systolic Blood Pressure,129,mmHg,SITTING
101-025,WEEK 4,4,2025-02-25,DIABP,Diastolic Blood Pressure,85,mmHg,SITTING
101-025,WEEK 4,4,2025-02-25,PULSE,Pulse Rate,79,beats/min,SITTING
101-026,BASELINE,0,2025-01-29,SYSBP,Systolic Blood Pressure,126,mmHg,SITTING
101-026,BASELINE,0,2025-01-29,DIABP,Diastolic Blood Pressure,82,mmHg,SITTING
101-026,BASELINE,0,2025-01-29,PULSE,Pulse Rate,76,beats/min,SITTING
101-026,WEEK 2,2,2025-02-12,SYSBP,Systolic Blood Pressure,124,mmHg,SITTING
101-026,WEEK 2,2,2025-02-12,DIABP,Diastolic Blood Pressure,84,mmHg,SITTING
101-026,WEEK 2,2,2025-02-12,PULSE,Pulse Rate,78,beats/min,SITTING
101-026,WEEK 4,4,2025-02-26,SYSBP,Systolic Blood Pressure,126,mmHg,SITTING
101-026,WEEK 4,4,2025-02-26,DIABP,Diastolic Blood Pressure,86,mmHg,SITTING
101-026,WEEK 4,4,2025-02-26,PULSE,Pulse Rate,80,beats/min,SITTING
101-027,BASELINE,0,2025-01-30,SYSBP,Systolic Blood Pressure,118,mmHg,SITTING
101-027,BASELINE,0,2025-01-30,DIABP,Diastolic Blood Pressure,74,mmHg,SITTING
101-027,BASELINE,0,2025-01-30,PULSE,Pulse Rate,68,beats/min,SITTING
101-027,WEEK 2,2,2025-02-13,SYSBP,Systolic Blood Pressure,120,mmHg,SITTING
101-027,WEEK 2,2,2025-02-13,DIABP,Diastolic Blood Pressure,76,mmHg,SITTING
101-027,WEEK 2,2,2025-02-13,PULSE,Pulse Rate,70,beats/min,SITTING
101-027,WEEK 4,4,2025-02-27,SYSBP,Systolic Blood Pressure,122,mmHg,SITTING
101-027,WEEK 4,4,2025-02-27,DIABP,Diastolic Blood Pressure,78,mmHg,SITTING
101-027,WEEK 4,4,2025-02-27,PULSE,Pulse Rate,72,beats/min,SITTING
101-028,BASELINE,0,2025-01-31,SYSBP,Systolic Blood Pressure,119,mmHg,SITTING
101-028,BASELINE,0,2025-01-31,DIABP,Diastolic Blood Pressure,75,mmHg,SITTING
101-028,BASELINE,0,2025-01-31,PULSE,Pulse Rate,69,beats/min,SITTING
101-028,WEEK 2,2,2025-02-14,SYSBP,Systolic Blood Pressure,117,mmHg,SITTING
101-028,WEEK 2,2,2025-02-14,DIABP,Diastolic Blood Pressure,77,mmHg,SITTING
101-028,WEEK 2,2,2025-02-14,PULSE,Pulse Rate,71,beats/min,SITTING
101-028,WEEK 4,4,2025-02-28,SYSBP,Systolic Blood Pressure,119,mmHg,SITTING
101-028,WEEK 4,4,2025-02-28,DIABP,Diastolic Blood Pressure,79,mmHg,SITTING
101-028,WEEK 4,4,2025-02-28,PULSE,Pulse Rate,73,beats/min,SITTING
101-029,BASELINE,0,2025-02-01,SYSBP,Systolic Blood Pressure,120,mmHg,SITTING
101-029,BASELINE,0,2025-02-01,DIABP,Diastolic Blood Pressure,76,mmHg,SITTING
101-029,BASELINE,0,2025-02-01,PULSE,Pulse Rate,70,beats/min,SITTING
101-029,WEEK 2,2,2025-02-15,SYSBP,Systolic Blood Pressure,122,mmHg,SITTING
101-029,WEEK 2,2,2025-02-15,DIABP,Diastolic Blood Pressure,78,mmHg,SITTING
101-029,WEEK 2,2,2025-02-15,PULSE,Pulse Rate,72,beats/min,SITTING
101-029,WEEK 4,4,2025-03-01,SYSBP,Systolic Blood Pressure,124,mmHg,SITTING
101-029,WEEK 4,4,2025-03-01,DIABP,Diastolic Blood Pressure,80,mmHg,SITTING
101-029,WEEK 4,4,2025-03-01,PULSE,Pulse Rate,74,beats/min,SITTING
101-030,BASELINE,0,2025-02-02,SYSBP,Systolic Blood Pressure,121,mmHg,Seated
101-030,BASELINE,0,2025-02-02,DIABP,Diastolic Blood Pressure,77,mmHg,Seated
101-030,BASELINE,0,2025-02-02,PULSE,Pulse Rate,71,beats/min,Seated
101-030,WEEK 2,2,2025-02-16,SYSBP,Systolic Blood Pressure,119,mmHg,Seated
101-030,WEEK 2,2,2025-02-16,DIABP,Diastolic Blood Pressure,79,mmHg,Seated
101-030,WEEK 2,2,2025-02-16,PULSE,Pulse Rate,73,beats/min,Seated
101-030,WEEK 4,4,2025-03-02,SYSBP,Systolic Blood Pressure,121,mmHg,Seated
101-030,WEEK 4,4,2025-03-02,DIABP,Diastolic Blood Pressure,81,mmHg,Seated
101-030,WEEK 4,4,2025-03-02,PULSE,Pulse Rate,75,beats/min,Seated
101-031,BASELINE,0,2025-02-03,SYSBP,Systolic Blood Pressure,122,mmHg,SITTING
101-031,BASELINE,0,2025-02-03,DIABP,Diastolic Blood Pressure,78,mmHg,SITTING
101-031,BASELINE,0,2025-02-03,PULSE,Pulse Rate,72,beats/min,SITTING
101-031,WEEK 2,2,2025-02-17,SYSBP,Systolic Blood Pressure,124,mmHg,SITTING
101-031,WEEK 2,2,2025-02-17,DIABP,Diastolic Blood Pressure,80,mmHg,SITTING
101-031,WEEK 2,2,2025-02-17,PULSE,Pulse Rate,74,beats/min,SITTING
101-031,WEEK 4,4,2025-03-03,SYSBP,Systolic Blood Pressure,126,mmHg,SITTING
101-031,WEEK 4,4,2025-03-03,DIABP,Diastolic Blood Pressure,82,mmHg,SITTING
101-031,WEEK 4,4,2025-03-03,PULSE,Pulse Rate,76,beats/min,SITTING
101-032,BASELINE,0,2025-02-04,SYSBP,Systolic Blood Pressure,123,mmHg,SITTING
101-032,BASELINE,0,2025-02-04,DIABP,Diastolic Blood Pressure,79,mmHg,SITTING
101-032,BASELINE,0,2025-02-04,PULSE,Pulse Rate,73,beats/min,SITTING
101-032,WEEK 2,2,2025-02-18,SYSBP,Systolic Blood Pressure,121,mmHg,SITTING
101-032,WEEK 2,2,2025-02-18,DIABP,Diastolic Blood Pressure,81,mmHg,SITTING
101-032,WEEK 2,2,2025-02-18,PULSE,Pulse Rate,75,beats/min,SITTING
101-032,WEEK 4,4,2025-03-04,SYSBP,Systolic Blood Pressure,123,mmHg,SITTING
101-032,WEEK 4,4,2025-03-04,DIABP,Diastolic Blood Pressure,83,mmHg,SITTING
101-032,WEEK 4,4,2025-03-04,PULSE,Pulse Rate,77,beats/min,SITTING
101-034,BASELINE,0,2025-02-06,SYSBP,Systolic Blood Pressure,125,mmHg,SITTING
101-034,BASELINE,0,2025-02-06,DIABP,Diastolic Blood Pressure,81,mmHg,SITTING
101-034,BASELINE,0,2025-02-06,PULSE,Pulse Rate,75,beats/min,SITTING
101-034,WEEK 2,2,2025-02-20,SYSBP,Systolic Blood Pressure,123,mmHg,SITTING
101-034,WEEK 2,2,2025-02-20,DIABP,Diastolic Blood Pressure,83,mmHg,SITTING
101-034,WEEK 2,2,2025-02-20,PULSE,Pulse Rate,77,beats/min,SITTING
101-034,WEEK 4,4,2025-03-06,SYSBP,Systolic Blood Pressure,125,mmHg,SITTING
101-034,WEEK 4,4,2025-03-06,DIABP,Diastolic Blood Pressure,85,mmHg,SITTING
101-034,WEEK 4,4,2025-03-06,PULSE,Pulse Rate,79,beats/min,SITTING
101-035,BASELINE,0,2025-02-07,SYSBP,Systolic Blood Pressure,126,mmHg,SITTING
101-035,BASELINE,0,2025-02-07,DIABP,Diastolic Blood Pressure,82,mmHg,SITTING
101-035,BASELINE,0,2025-02-07,PULSE,Pulse Rate,76,beats/min,SITTING
101-035,WEEK 2,2,2025-02-21,SYSBP,Systolic Blood Pressure,128,mmHg,SITTING
101-035,WEEK 2,2,2025-02-21,DIABP,Diastolic Blood Pressure,84,mmHg,SITTING
101-035,WEEK 2,2,2025-02-21,PULSE,Pulse Rate,78,beats/min,SITTING
101-035,WEEK 4,4,2025-03-07,SYSBP,Systolic Blood Pressure,130,mmHg,SITTING
101-035,WEEK 4,4,2025-03-07,DIABP,Diastolic Blood Pressure,86,mmHg,SITTING
101-035,WEEK 4,4,2025-03-07,PULSE,Pulse Rate,80,beats/min,SITTING
101-036,BASELINE,0,2025-02-08,SYSBP,Systolic Blood Pressure,118,mmHg,SITTING
101-036,BASELINE,0,2025-02-08,DIABP,Diastolic Blood Pressure,74,mmHg,SITTING
101-036,BASELINE,0,2025-02-08,PULSE,Pulse Rate,68,beats/min,SITTING
101-036,WEEK 2,2,2025-02-22,SYSBP,Systolic Blood Pressure,116,mmHg,SITTING
101-036,WEEK 2,2,2025-02-22,DIABP,Diastolic Blood Pressure,76,mmHg,SITTING
101-036,WEEK 2,2,2025-02-22,PULSE,Pulse Rate,70,beats/min,SITTING
101-036,WEEK 4,4,2025-03-08,SYSBP,Systolic Blood Pressure,118,mmHg,SITTING
101-036,WEEK 4,4,2025-03-08,DIABP,Diastolic Blood Pressure,78,mmHg,SITTING
101-036,WEEK 4,4,2025-03-08,PULSE,Pulse Rate,72,beats/min,SITTING
101-037,BASELINE,0,2025-02-09,SYSBP,Systolic Blood Pressure,119,mmHg,SITTING
101-037,BASELINE,0,2025-02-09,DIABP,Diastolic Blood Pressure,75,mmHg,SITTING
101-037,BASELINE,0,2025-02-09,PULSE,Pulse Rate,69,beats/min,SITTING
101-037,WEEK 2,2,2025-02-23,SYSBP,Systolic Blood Pressure,121,mmHg,SITTING
101-037,WEEK 2,2,2025-02-23,DIABP,Diastolic Blood Pressure,77,mmHg,SITTING
101-037,WEEK 2,2,2025-02-23,PULSE,Pulse Rate,71,beats/min,SITTING
101-038,BASELINE,0,2025-02-10,SYSBP,Systolic Blood Pressure,120,mmHg,SITTING
101-038,BASELINE,0,2025-02-10,DIABP,Diastolic Blood Pressure,76,mmHg,SITTING
101-038,BASELINE,0,2025-02-10,PULSE,Pulse Rate,70,beats/min,SITTING
101-038,WEEK 2,2,2025-02-24,SYSBP,Systolic Blood Pressure,118,mmHg,SITTING
101-038,WEEK 2,2,2025-02-24,DIABP,Diastolic Blood Pressure,78,mmHg,SITTING
101-038,WEEK 2,2,2025-02-24,PULSE,Pulse Rate,72,beats/min,SITTING
101-038,WEEK 4,4,2025-03-10,SYSBP,Systolic Blood Pressure,120,mmHg,SITTING
101-038,WEEK 4,4,2025-03-10,DIABP,Diastolic Blood Pressure,80,mmHg,SITTING
101-038,WEEK 4,4,2025-03-10,PULSE,Pulse Rate,74,beats/min,SITTING
101-039,BASELINE,0,2025-02-11,SYSBP,Systolic Blood Pressure,121,mmHg,SITTING
101-039,BASELINE,0,2025-02-11,DIABP,Diastolic Blood Pressure,77,mmHg,SITTING
101-039,BASELINE,0,2025-02-11,PULSE,Pulse Rate,71,beats/min,SITTING
101-039,WEEK 2,2,2025-02-25,SYSBP,Systolic Blood Pressure,123,mmHg,SITTING
101-039,WEEK 2,2,2025-02-25,DIABP,Diastolic Blood Pressure,79,mmHg,SITTING
101-039,WEEK 2,2,2025-02-25,PULSE,Pulse Rate,73,beats/min,SITTING
101-039,WEEK 4,4,2025-03-11,SYSBP,Systolic Blood Pressure,125,mmHg,SITTING
101-039,WEEK 4,4,2025-03-11,DIABP,Diastolic Blood Pressure,81,mmHg,SITTING
101-039,WEEK 4,4,2025-03-11,PULSE,Pulse Rate,75,beats/min,SITTING
101-040,BASELINE,0,2025-02-12,SYSBP,Systolic Blood Pressure,122,mmHg,Seated
101-040,BASELINE,0,2025-02-12,DIABP,Diastolic Blood Pressure,78,mmHg,Seated
101-040,BASELINE,0,2025-02-12,PULSE,Pulse Rate,72,beats/min,Seated
101-040,WEEK 2,2,2025-02-26,SYSBP,Systolic Blood Pressure,120,mmHg,Seated
101-040,WEEK 2,2,2025-02-26,DIABP,Diastolic Blood Pressure,80,mmHg,Seated
101-040,WEEK 2,2,2025-02-26,PULSE,Pulse Rate,74,beats/min,Seated
101-040,WEEK 4,4,2025-03-12,SYSBP,Systolic Blood Pressure,122,mmHg,Seated
101-040,WEEK 4,4,2025-03-12,DIABP,Diastolic Blood Pressure,82,mmHg,Seated
101-040,WEEK 4,4,2025-03-12,PULSE,Pulse Rate,76,beats/min,Seated
101-041,BASELINE,0,2025-02-13,SYSBP,Systolic Blood Pressure,123,mmHg,SITTING
101-041,BASELINE,0,2025-02-13,DIABP,Diastolic Blood Pressure,79,mmHg,SITTING
101-041,BASELINE,0,2025-02-13,PULSE,Pulse Rate,73,beats/min,SITTING
101-041,WEEK 2,2,2025-02-27,SYSBP,Systolic Blood Pressure,125,mmHg,SITTING
101-041,WEEK 2,2,2025-02-27,DIABP,Diastolic Blood Pressure,81,mmHg,SITTING
101-041,WEEK 2,2,2025-02-27,PULSE,Pulse Rate,75,beats/min,SITTING
101-041,WEEK 4,4,2025-03-13,SYSBP,Systolic Blood Pressure,127,mmHg,SITTING
101-041,WEEK 4,4,2025-03-13,DIABP,Diastolic Blood Pressure,83,mmHg,SITTING
101-041,WEEK 4,4,2025-03-13,PULSE,Pulse Rate,77,beats/min,SITTING
101-042,BASELINE,0,2025-02-14,SYSBP,Systolic Blood Pressure,124,mmHg,SITTING
101-042,BASELINE,0,2025-02-14,DIABP,Diastolic Blood Pressure,80,mmHg,SITTING
101-042,BASELINE,0,2025-02-14,PULSE,Pulse Rate,74,beats/min,SITTING
101-042,WEEK 2,2,2025-02-28,SYSBP,Systolic Blood Pressure,122,mmHg,SITTING
101-042,WEEK 2,2,2025-02-28,DIABP,Diastolic Blood Pressure,82,mmHg,SITTING
101-042,WEEK 2,2,2025-02-28,PULSE,Pulse Rate,76,beats/min,SITTING
101-042,WEEK 4,4,2025-03-14,SYSBP,Systolic Blood Pressure,124,mmHg,SITTING
101-042,WEEK 4,4,2025-03-14,DIABP,Diastolic Blood Pressure,84,mmHg,SITTING
101-042,WEEK 4,4,2025-03-14,PULSE,Pulse Rate,78,beats/min,SITTING
101-043,BASELINE,0,2025-02-15,SYSBP,Systolic Blood Pressure,125,mmHg,SITTING
101-043,BASELINE,0,2025-02-15,DIABP,Diastolic Blood Pressure,81,mmHg,SITTING
101-043,BASELINE,0,2025-02-15,PULSE,Pulse Rate,75,beats/min,SITTING
101-043,WEEK 2,2,2025-03-01,SYSBP,Systolic Blood Pressure,127,mmHg,SITTING
101-043,WEEK 2,2,2025-03-01,DIABP,Diastolic Blood Pressure,83,mmHg,SITTING
101-043,WEEK 2,2,2025-03-01,PULSE,Pulse Rate,77,beats/min,SITTING
101-043,WEEK 4,4,2025-03-15,SYSBP,Systolic Blood Pressure,129,mmHg,SITTING
101-043,WEEK 4,4,2025-03-15,DIABP,Diastolic Blood Pressure,85,mmHg,SITTING
101-043,WEEK 4,4,2025-03-15,PULSE,Pulse Rate,79,beats/min,SITTING
101-044,BASELINE,0,2025-02-16,SYSBP,Systolic Blood Pressure,126,mmHg,SITTING
101-044,BASELINE,0,2025-02-16,DIABP,Diastolic Blood Pressure,82,mmHg,SITTING
101-044,BASELINE,0,2025-02-16,PULSE,Pulse Rate,76,beats/min,SITTING
101-044,WEEK 2,2,2025-03-02,SYSBP,Systolic Blood Pressure,124,mmHg,SITTING
101-044,WEEK 2,2,2025-03-02,DIABP,Diastolic Blood Pressure,84,mmHg,SITTING
101-044,WEEK 2,2,2025-03-02,PULSE,Pulse Rate,78,beats/min,SITTING
101-044,WEEK 4,4,2025-03-16,SYSBP,Systolic Blood Pressure,126,mmHg,SITTING
101-044,WEEK 4,4,2025-03-16,DIABP,Diastolic Blood Pressure,86,mmHg,SITTING
101-044,WEEK 4,4,2025-03-16,PULSE,Pulse Rate,80,beats/min,SITTING
101-045,BASELINE,0,2025-02-17,SYSBP,Systolic Blood Pressure,118,mmHg,SITTING
101-045,BASELINE,0,2025-02-17,DIABP,Diastolic Blood Pressure,74,mmHg,SITTING
101-045,BASELINE,0,2025-02-17,PULSE,Pulse Rate,68,beats/min,SITTING
101-045,WEEK 2,2,2025-03-03,SYSBP,Systolic Blood Pressure,120,mmHg,SITTING
101-045,WEEK 2,2,2025-03-03,DIABP,Diastolic Blood Pressure,76,mmHg,SITTING
101-045,WEEK 2,2,2025-03-03,PULSE,Pulse Rate,70,beats/min,SITTING
101-045,WEEK 4,4,2025-03-17,SYSBP,Systolic Blood Pressure,122,mmHg,SITTING
101-045,WEEK 4,4,2025-03-17,DIABP,Diastolic Blood Pressure,78,mmHg,SITTING
101-045,WEEK 4,4,2025-03-17,PULSE,Pulse Rate,72,beats/min,SITTING
101-046,BASELINE,0,2025-02-18,SYSBP,Systolic Blood Pressure,119,mmHg,SITTING
101-046,BASELINE,0,2025-02-18,DIABP,Diastolic Blood Pressure,75,mmHg,SITTING
101-046,BASELINE,0,2025-02-18,PULSE,Pulse Rate,69,beats/min,SITTING
101-046,WEEK 2,2,2025-03-04,SYSBP,Systolic Blood Pressure,117,mmHg,SITTING
101-046,WEEK 2,2,2025-03-04,DIABP,Diastolic Blood Pressure,77,mmHg,SITTING
101-046,WEEK 2,2,2025-03-04,PULSE,Pulse Rate,71,beats/min,SITTING
101-046,WEEK 4,4,2025-03-18,SYSBP,Systolic Blood Pressure,119,mmHg,SITTING
101-046,WEEK 4,4,2025-03-18,DIABP,Diastolic Blood Pressure,79,mmHg,SITTING
101-046,WEEK 4,4,2025-03-18,PULSE,Pulse Rate,73,beats/min,SITTING
101-047,BASELINE,0,2025-02-19,SYSBP,Systolic Blood Pressure,120,mmHg,SITTING
101-047,BASELINE,0,2025-02-19,DIABP,Diastolic Blood Pressure,76,mmHg,SITTING
101-047,BASELINE,0,2025-02-19,PULSE,Pulse Rate,70,beats/min,SITTING
101-047,WEEK 2,2,2025-03-05,SYSBP,Systolic Blood Pressure,122,mmHg,SITTING
101-047,WEEK 2,2,2025-03-05,DIABP,Diastolic Blood Pressure,78,mmHg,SITTING
101-047,WEEK 2,2,2025-03-05,PULSE,Pulse Rate,72,beats/min,SITTING
101-047,WEEK 4,4,2025-03-19,SYSBP,Systolic Blood Pressure,124,mmHg,SITTING
101-047,WEEK 4,4,2025-03-19,DIABP,Diastolic Blood Pressure,80,mmHg,SITTING
101-047,WEEK 4,4,2025-03-19,PULSE,Pulse Rate,74,beats/min,SITTING
101-049,BASELINE,0,2025-02-21,SYSBP,Systolic Blood Pressure,122,mmHg,SITTING
101-049,BASELINE,0,2025-02-21,DIABP,Diastolic Blood Pressure,78,mmHg,SITTING
101-049,BASELINE,0,2025-02-21,PULSE,Pulse Rate,72,beats/min,SITTING
101-049,WEEK 2,2,2025-03-07,SYSBP,Systolic Blood Pressure,124,mmHg,SITTING
101-049,WEEK 2,2,2025-03-07,DIABP,Diastolic Blood Pressure,80,mmHg,SITTING
101-049,WEEK 2,2,2025-03-07,PULSE,Pulse Rate,74,beats/min,SITTING
101-049,WEEK 4,4,2025-03-21,SYSBP,Systolic Blood Pressure,126,mmHg,SITTING
101-049,WEEK 4,4,2025-03-21,DIABP,Diastolic Blood Pressure,82,mmHg,SITTING
101-049,WEEK 4,4,2025-03-21,PULSE,Pulse Rate,76,beats/min,SITTING
101-050,BASELINE,0,2025-02-22,SYSBP,Systolic Blood Pressure,123,mmHg,Seated
101-050,BASELINE,0,2025-02-22,DIABP,Diastolic Blood Pressure,79,mmHg,Seated
101-050,BASELINE,0,2025-02-22,PULSE,Pulse Rate,73,beats/min,Seated
101-050,WEEK 2,2,2025-03-08,SYSBP,Systolic Blood Pressure,121,mmHg,Seated
101-050,WEEK 2,2,2025-03-08,DIABP,Diastolic Blood Pressure,81,mmHg,Seated
101-050,WEEK 2,2,2025-03-08,PULSE,Pulse Rate,75,beats/min,Seated
101-050,WEEK 4,4,2025-03-22,SYSBP,Systolic Blood Pressure,123,mmHg,Seated
101-050,WEEK 4,4,2025-03-22,DIABP,Diastolic Blood Pressure,83,mmHg,Seated
101-050,WEEK 4,4,2025-03-22,PULSE,Pulse Rate,77,beats/min,Seated
101-051,BASELINE,0,2025-02-23,SYSBP,Systolic Blood Pressure,124,mmHg,SITTING
101-051,BASELINE,0,2025-02-23,DIABP,Diastolic Blood Pressure,80,mmHg,SITTING
101-051,BASELINE,0,2025-02-23,PULSE,Pulse Rate,74,beats/min,SITTING
101-051,WEEK 2,2,2025-03-09,SYSBP,Systolic Blood Pressure,126,mmHg,SITTING
101-051,WEEK 2,2,2025-03-09,DIABP,Diastolic Blood Pressure,82,mmHg,SITTING
101-051,WEEK 2,2,2025-03-09,PULSE,Pulse Rate,76,beats/min,SITTING
101-051,WEEK 4,4,2025-03-23,SYSBP,Systolic Blood Pressure,128,mmHg,SITTING
101-051,WEEK 4,4,2025-03-23,DIABP,Diastolic Blood Pressure,84,mmHg,SITTING
101-051,WEEK 4,4,2025-03-23,PULSE,Pulse Rate,78,beats/min,SITTING
101-052,BASELINE,0,2025-02-24,SYSBP,Systolic Blood Pressure,125,mmHg,SITTING
101-052,BASELINE,0,2025-02-24,DIABP,Diastolic Blood Pressure,81,mmHg,SITTING
101-052,BASELINE,0,2025-02-24,PULSE,Pulse Rate,75,beats/min,SITTING
101-052,WEEK 2,2,2025-03-10,SYSBP,Systolic Blood Pressure,123,mmHg,SITTING
101-052,WEEK 2,2,2025-03-10,DIABP,Diastolic Blood Pressure,83,mmHg,SITTING
101-052,WEEK 2,2,2025-03-10,PULSE,Pulse Rate,77,beats/min,SITTING
101-053,BASELINE,0,2025-02-25,SYSBP,Systolic Blood Pressure,126,mmHg,SITTING
101-053,BASELINE,0,2025-02-25,DIABP,Diastolic Blood Pressure,82,mmHg,SITTING
101-053,BASELINE,0,2025-02-25,PULSE,Pulse Rate,76,beats/min,SITTING
101-053,WEEK 2,2,2025-03-11,SYSBP,Systolic Blood Pressure,128,mmHg,SITTING
101-053,WEEK 2,2,2025-03-11,DIABP,Diastolic Blood Pressure,84,mmHg,SITTING
101-053,WEEK 2,2,2025-03-11,PULSE,Pulse Rate,78,beats/min,SITTING
101-053,WEEK 4,4,2025-03-25,SYSBP,Systolic Blood Pressure,130,mmHg,SITTING
101-053,WEEK 4,4,2025-03-25,DIABP,Diastolic Blood Pressure,86,mmHg,SITTING
101-053,WEEK 4,4,2025-03-25,PULSE,Pulse Rate,80,beats/min,SITTING
101-054,BASELINE,0,2025-02-26,SYSBP,Systolic Blood Pressure,118,mmHg,SITTING
101-054,BASELINE,0,2025-02-26,DIABP,Diastolic Blood Pressure,74,mmHg,SITTING
101-054,BASELINE,0,2025-02-26,PULSE,Pulse Rate,68,beats/min,SITTING
101-054,WEEK 2,2,2025-03-12,SYSBP,Systolic Blood Pressure,116,mmHg,SITTING
101-054,WEEK 2,2,2025-03-12,DIABP,Diastolic Blood Pressure,76,mmHg,SITTING
101-054,WEEK 2,2,2025-03-12,PULSE,Pulse Rate,70,beats/min,SITTING
101-054,WEEK 4,4,2025-03-26,SYSBP,Systolic Blood Pressure,118,mmHg,SITTING
101-054,WEEK 4,4,2025-03-26,DIABP,Diastolic Blood Pressure,78,mmHg,SITTING
101-054,WEEK 4,4,2025-03-26,PULSE,Pulse Rate,72,beats/min,SITTING
101-055,BASELINE,0,2025-02-27,SYSBP,Systolic Blood Pressure,119,mmHg,SITTING
101-055,BASELINE,0,2025-02-27,DIABP,Diastolic Blood Pressure,75,mmHg,SITTING
101-055,BASELINE,0,2025-02-27,PULSE,Pulse Rate,69,beats/min,SITTING
101-055,WEEK 2,2,2025-03-13,SYSBP,Systolic Blood Pressure,121,mmHg,SITTING
101-055,WEEK 2,2,2025-03-13,DIABP,Diastolic Blood Pressure,77,mmHg,SITTING
101-055,WEEK 2,2,2025-03-13,PULSE,Pulse Rate,71,beats/min,SITTING
101-055,WEEK 4,4,2025-03-27,SYSBP,Systolic Blood Pressure,123,mmHg,SITTING
101-055,WEEK 4,4,2025-03-27,DIABP,Diastolic Blood Pressure,79,mmHg,SITTING
101-055,WEEK 4,4,2025-03-27,PULSE,Pulse Rate,73,beats/min,SITTING
101-056,BASELINE,0,2025-02-28,SYSBP,Systolic Blood Pressure,120,mmHg,SITTING
101-056,BASELINE,0,2025-02-28,DIABP,Diastolic Blood Pressure,76,mmHg,SITTING
101-056,BASELINE,0,2025-02-28,PULSE,Pulse Rate,70,beats/min,SITTING
101-056,WEEK 2,2,2025-03-14,SYSBP,Systolic Blood Pressure,118,mmHg,SITTING
101-056,WEEK 2,2,2025-03-14,DIABP,Diastolic Blood Pressure,78,mmHg,SITTING
101-056,WEEK 2,2,2025-03-14,PULSE,Pulse Rate,72,beats/min,SITTING
101-056,WEEK 4,4,2025-03-28,SYSBP,Systolic Blood Pressure,120,mmHg,SITTING
101-056,WEEK 4,4,2025-03-28,DIABP,Diastolic Blood Pressure,80,mmHg,SITTING
101-056,WEEK 4,4,2025-03-28,PULSE,Pulse Rate,74,beats/min,SITTING
101-057,BASELINE,0,2025-03-01,SYSBP,Systolic Blood Pressure,121,mmHg,SITTING
101-057,BASELINE,0,2025-03-01,DIABP,Diastolic Blood Pressure,77,mmHg,SITTING
101-057,BASELINE,0,2025-03-01,PULSE,Pulse Rate,71,beats/min,SITTING
101-057,WEEK 2,2,2025-03-15,SYSBP,Systolic Blood Pressure,123,mmHg,SITTING
101-057,WEEK 2,2,2025-03-15,DIABP,Diastolic Blood Pressure,79,mmHg,SITTING
101-057,WEEK 2,2,2025-03-15,PULSE,Pulse Rate,73,beats/min,SITTING
101-057,WEEK 4,4,2025-03-29,SYSBP,Systolic Blood Pressure,125,mmHg,SITTING
101-057,WEEK 4,4,2025-03-29,DIABP,Diastolic Blood Pressure,81,mmHg,SITTING
101-057,WEEK 4,4,2025-03-29,PULSE,Pulse Rate,75,beats/min,SITTING
101-058,BASELINE,0,2025-03-02,SYSBP,Systolic Blood Pressure,122,mmHg,SITTING
101-058,BASELINE,0,2025-03-02,DIABP,Diastolic Blood Pressure,78,mmHg,SITTING
101-058,BASELINE,0,2025-03-02,PULSE,Pulse Rate,72,beats/min,SITTING
101-058,WEEK 2,2,2025-03-16,SYSBP,Systolic Blood Pressure,120,mmHg,SITTING
101-058,WEEK 2,2,2025-03-16,DIABP,Diastolic Blood Pressure,80,mmHg,SITTING
101-058,WEEK 2,2,2025-03-16,PULSE,Pulse Rate,74,beats/min,SITTING
101-058,WEEK 4,4,2025-03-30,SYSBP,Systolic Blood Pressure,122,mmHg,SITTING
101-058,WEEK 4,4,2025-03-30,DIABP,Diastolic Blood Pressure,82,mmHg,SITTING
101-058,WEEK 4,4,2025-03-30,PULSE,Pulse Rate,76,beats/min,SITTING
101-059,BASELINE,0,2025-03-03,SYSBP,Systolic Blood Pressure,123,mmHg,SITTING
101-059,BASELINE,0,2025-03-03,DIABP,Diastolic Blood Pressure,79,mmHg,SITTING
101-059,BASELINE,0,2025-03-03,PULSE,Pulse Rate,73,beats/min,SITTING
101-059,WEEK 2,2,2025-03-17,SYSBP,Systolic Blood Pressure,125,mmHg,SITTING
101-059,WEEK 2,2,2025-03-17,DIABP,Diastolic Blood Pressure,81,mmHg,SITTING
101-059,WEEK 2,2,2025-03-17,PULSE,Pulse Rate,75,beats/min,SITTING
101-059,WEEK 4,4,2025-03-31,SYSBP,Systolic Blood Pressure,127,mmHg,SITTING
101-059,WEEK 4,4,2025-03-31,DIABP,Diastolic Blood Pressure,83,mmHg,SITTING
101-059,WEEK 4,4,2025-03-31,PULSE,Pulse Rate,77,beats/min,SITTING
101-060,BASELINE,0,2025-03-04,SYSBP,Systolic Blood Pressure,124,mmHg,Seated
101-060,BASELINE,0,2025-03-04,DIABP,Diastolic Blood Pressure,80,mmHg,Seated
101-060,BASELINE,0,2025-03-04,PULSE,Pulse Rate,74,beats/min,Seated
101-060,WEEK 2,2,2025-03-18,SYSBP,Systolic Blood Pressure,122,mmHg,Seated
101-060,WEEK 2,2,2025-03-18,DIABP,Diastolic Blood Pressure,82,mmHg,Seated
101-060,WEEK 2,2,2025-03-18,PULSE,Pulse Rate,76,beats/min,Seated
101-060,WEEK 4,4,2025-04-01,SYSBP,Systolic Blood Pressure,124,mmHg,Seated
101-060,WEEK 4,4,2025-04-01,DIABP,Diastolic Blood Pressure,84,mmHg,Seated
101-060,WEEK 4,4,2025-04-01,PULSE,Pulse Rate,78,beats/min,Seated
